TempHighF,TempAvgF,TempLowF,DewPointHighF,DewPointAvgF,DewPointLowF,HumidityHighPercent,HumidityAvgPercent,HumidityLowPercent,SeaLevelPressureAvgInches,VisibilityHighMiles,VisibilityAvgMiles,VisibilityLowMiles,WindHighMPH,WindAvgMPH,WindGustMPH
79,56,49,39,44,27,103,68,40,29.59,10,8,0,13,5,31
55,53,29,55,38,24,69,70,41,31.34,10,5,3,8,5,30
79,55,40,48,42,27,101,72,52,31.0,10,6,0,9,5,30
47,48,37,69,40,33,84,76,50,30.02,10,6,0,16,5,30
66,56,40,64,52,45,93,81,47,28.05,10,5,0,22,6,37
66,49,38,82,46,30,77,69,53,30.01,10,6,0,13,4,26
63,56,48,50,46,32,81,67,49,28.58,10,6,2,12,4,35
61,51,40,44,45,34,76,66,45,30.51,10,7,2,16,4,23
69,58,45,54,40,24,83,67,55,30.01,10,6,3,25,5,24
85,60,45,53,49,18,79,69,51,29.3,10,8,1,11,3,29
74,52,41,60,52,29,82,70,54,31.16,10,4,3,14,5,32
70,52,40,45,38,26,93,71,40,29.54,10,6,8,13,5,21
52,39,44,51,48,27,92,63,54,31.15,10,3,0,6,5,28
63,49,35,60,39,28,68,71,43,29.86,10,5,2,15,2,28
72,57,33,62,47,38,81,69,46,29.37,10,6,0,22,3,31
75,57,37,73,47,36,81,75,47,29.29,10,11,3,19,3,22
80,53,38,81,44,30,89,65,46,27.64,10,9,0,8,3,29
84,49,29,73,43,19,95,66,44,30.0,10,7,2,16,1,30
66,52,41,49,50,32,83,63,63,30.41,10,8,4,14,7,25
46,54,45,74,53,29,72,71,50,30.35,10,6,0,21,4,25
84,57,34,49,39,37,80,72,58,29.73,10,3,3,16,7,22
70,47,40,38,51,35,64,73,41,30.12,10,6,5,20,9,28
85,53,38,52,47,39,84,73,49,28.4,10,8,0,24,2,35
67,54,42,61,43,35,86,72,40,29.63,10,9,4,10,3,23
76,52,30,44,49,36,93,67,47,30.56,10,7,3,19,9,30
61,55,36,54,36,30,95,71,49,31.29,10,6,4,12,1,31
66,49,38,54,37,36,79,67,50,28.7,10,4,3,17,4,37
64,57,46,57,39,32,80,68,51,31.1,10,6,0,9,6,21
64,52,38,56,53,22,93,72,43,32.57,10,8,3,16,4,32
59,55,47,61,37,22,71,68,49,30.6,10,6,3,12,4,28
80,54,36,69,49,28,82,69,43,31.48,10,5,5,25,5,21
56,60,43,53,45,32,85,69,47,29.19,10,5,1,15,6,25
71,54,45,70,48,33,62,63,53,29.4,10,7,2,21,1,31
66,51,38,69,54,28,86,77,63,30.15,10,10,0,20,6,34
74,54,34,41,41,26,76,76,49,30.26,10,7,5,16,2,32
76,56,38,56,44,34,80,66,45,30.39,10,3,3,13,6,30
78,52,32,61,52,28,79,70,49,29.97,10,7,0,19,4,25
56,51,44,64,47,29,94,66,54,29.22,10,5,4,15,6,26
67,55,37,58,42,22,85,63,55,28.69,10,6,8,11,7,28
98,51,46,67,45,28,86,72,49,31.49,10,5,0,8,1,32
61,52,29,55,42,32,90,74,49,30.96,10,5,2,15,1,30
58,52,37,53,44,28,83,67,50,28.83,10,6,4,13,4,25
74,52,42,73,41,29,88,76,52,28.54,10,6,3,14,0,34
65,49,45,51,45,29,96,73,52,30.36,10,6,0,14,3,25
61,58,44,64,44,25,104,73,52,28.97,10,10,3,17,4,39
69,53,42,76,48,29,79,76,48,29.5,10,8,5,10,6,29
66,64,31,65,51,28,68,64,50,29.08,10,6,2,13,5,32
71,64,35,59,44,35,89,71,46,30.06,10,2,8,13,3,28
58,62,35,73,40,31,98,71,45,29.43,10,6,4,18,2,25
66,63,40,57,51,24,74,78,57,29.69,10,6,0,22,3,34
81,45,40,65,39,36,82,67,46,30.75,10,5,0,19,3,21
62,57,39,68,44,31,102,66,46,28.55,10,5,2,18,7,35
65,45,49,49,45,34,78,82,53,29.6,10,2,6,12,4,27
65,53,43,63,36,26,81,73,46,30.31,10,8,3,22,4,22
61,56,35,64,40,29,81,75,55,30.34,10,6,1,10,3,29
55,56,35,51,42,35,101,70,49,32.21,10,7,0,7,5,31
60,51,40,56,47,37,91,74,46,30.42,10,11,0,14,6,30
67,59,37,65,45,26,73,69,49,29.67,10,9,1,19,3,28
71,57,40,65,42,22,61,69,45,30.34,10,4,1,10,5,31
84,55,36,72,42,23,82,74,54,29.02,10,5,2,16,1,27
54,61,42,58,37,27,69,75,52,29.34,10,6,4,15,7,31
80,55,42,68,38,29,91,67,45,30.38,10,5,0,12,5,27
66,61,45,59,47,28,85,71,46,28.62,10,6,1,12,4,33
73,56,41,59,49,28,85,69,41,31.14,10,6,4,9,2,21
83,57,37,66,48,22,88,74,54,30.24,10,8,2,15,5,25
62,54,35,61,46,28,96,65,48,29.36,10,7,0,22,6,32
74,56,42,52,47,27,94,64,47,31.71,10,7,3,17,4,27
57,45,36,62,43,32,98,74,43,30.36,10,9,3,14,6,40
72,53,28,73,43,23,80,78,45,29.27,10,8,0,13,8,36
83,54,42,62,40,26,87,54,45,30.71,10,7,0,10,2,31
73,55,47,61,44,34,91,70,46,31.5,10,4,5,18,8,32
70,55,36,69,43,30,85,65,52,31.84,10,6,1,12,9,31
62,60,43,50,43,30,91,68,52,30.81,10,5,3,15,4,33
62,60,29,65,49,33,90,67,59,28.04,10,8,2,17,4,32
93,51,38,73,34,43,85,72,54,28.94,10,5,0,22,2,35
87,55,43,58,39,42,77,75,56,29.86,10,7,0,19,7,28
71,45,32,65,42,28,91,72,51,30.21,10,6,5,17,5,30
76,51,45,60,47,26,80,65,45,29.06,10,9,3,18,3,20
54,50,40,60,45,25,83,71,49,30.63,10,9,3,19,2,36
59,57,40,60,44,23,97,69,52,30.8,10,5,6,14,6,31
97,54,35,50,43,25,95,69,42,30.67,10,4,2,3,6,27
70,54,40,71,43,27,90,70,56,28.81,10,8,6,21,7,27
71,53,43,70,41,29,85,74,51,29.4,10,5,4,15,0,24
67,60,38,59,44,36,96,67,53,29.86,10,10,1,14,6,25
48,54,35,57,51,21,103,62,56,28.47,10,6,2,2,4,23
70,50,43,66,51,25,108,60,49,30.43,10,2,1,11,2,23
70,49,37,60,41,29,92,64,55,30.08,10,8,3,21,5,32
56,58,33,52,42,24,96,71,52,29.24,10,4,1,7,7,33
67,53,33,65,36,34,85,68,54,30.81,10,9,2,16,1,32
52,49,31,41,55,38,77,60,45,30.4,10,10,0,18,3,37
84,46,33,67,54,27,77,71,43,32.04,10,8,2,14,4,30
62,49,29,39,58,30,79,68,59,29.76,10,3,3,16,7,32
70,59,49,61,44,32,99,65,45,29.86,10,4,3,21,4,35
73,53,47,66,48,28,82,69,38,29.02,10,6,0,14,2,27
61,64,39,45,47,28,76,72,46,30.23,10,1,0,8,5,25
73,58,38,55,44,33,82,61,45,31.2,10,8,0,19,5,36
59,53,35,74,49,30,96,71,55,30.63,10,8,0,24,6,24
78,56,41,61,45,35,91,74,38,28.33,10,8,4,27,1,34
76,58,40,62,44,34,86,63,47,30.38,10,7,0,24,5,34
70,56,39,80,49,23,65,67,50,30.15,10,7,1,17,6,41
71,63,35,74,48,30,82,66,47,32.63,10,8,1,10,2,35
68,48,37,68,40,29,77,67,49,30.72,10,7,1,17,2,34
78,53,33,46,40,26,80,66,53,30.23,10,6,4,10,10,30
45,54,43,56,48,27,85,74,56,29.3,10,9,1,8,3,26
78,54,41,75,41,28,80,69,48,30.61,10,6,2,18,5,38
78,60,42,40,47,30,84,57,45,30.6,10,6,2,12,7,29
81,44,45,78,50,30,88,73,53,29.96,10,5,0,16,3,32
73,47,44,67,43,23,77,69,40,29.37,10,5,1,11,7,35
50,60,26,41,37,33,75,72,43,31.06,10,9,9,13,5,29
69,55,46,54,50,31,93,74,50,29.52,10,8,0,15,8,31
70,57,43,77,45,22,82,72,47,30.88,10,9,5,16,3,32
70,54,38,66,41,32,93,68,47,32.56,10,8,4,19,6,36
62,53,44,58,43,26,64,67,51,30.76,10,5,5,13,3,23
70,48,34,65,37,37,88,64,57,31.85,10,3,2,23,5,28
71,58,46,56,48,33,73,70,43,30.47,10,8,2,18,3,32
67,54,39,60,45,38,77,81,54,29.23,10,7,1,23,3,31
79,60,38,64,54,34,85,76,52,30.47,10,7,6,25,6,23
47,49,45,54,53,20,64,70,42,31.11,10,6,4,21,6,27
71,47,36,56,46,28,82,70,46,29.14,10,4,0,17,4,27
72,57,31,53,44,27,75,74,52,30.47,10,8,1,21,8,29
87,51,40,64,43,26,85,67,46,29.76,10,11,1,9,4,21
75,60,33,70,50,36,82,68,50,30.48,10,6,1,21,6,33
79,65,40,71,45,26,79,75,50,31.58,10,5,0,15,6,32
44,58,28,58,43,29,99,77,54,29.68,10,8,2,15,6,32
76,49,35,55,45,34,70,66,54,31.08,10,7,0,20,7,31
58,58,51,59,51,35,82,69,51,30.95,10,7,2,17,4,24
55,52,38,53,46,26,84,64,60,29.73,10,6,1,5,6,23
59,56,46,44,38,34,101,63,49,29.71,10,9,4,12,4,32
73,54,37,54,51,22,85,71,57,29.95,10,9,1,12,6,28
55,44,39,58,50,27,82,65,51,30.23,10,9,0,14,8,34
95,56,43,71,44,30,79,76,49,29.96,10,8,5,13,5,31
70,57,42,50,45,27,86,70,53,29.29,10,7,4,6,6,25
92,55,38,36,54,25,75,68,43,28.65,10,6,5,24,5,28
71,55,38,39,45,32,85,65,49,29.08,10,5,1,11,7,28
74,45,40,71,42,27,70,74,52,31.08,10,7,3,18,3,26
76,61,32,55,52,18,99,76,46,29.99,10,6,5,14,5,31
72,52,37,66,48,31,79,72,50,30.26,10,6,2,16,2,31
81,60,35,51,42,43,71,73,49,30.32,10,6,3,18,5,28
80,61,44,69,34,28,75,63,47,30.27,10,6,1,20,7,27
67,50,42,69,40,26,85,61,53,29.04,10,8,0,18,4,21
67,60,34,53,36,23,96,72,54,30.46,10,10,8,12,3,29
74,55,38,67,33,36,64,69,43,29.75,10,5,7,22,4,21
84,53,33,48,52,35,87,64,62,30.11,10,6,2,23,4,28
76,58,45,78,47,21,89,73,47,31.67,10,3,2,9,6,28
78,50,40,63,38,30,89,67,50,29.92,10,5,2,19,4,31
59,53,43,57,37,28,97,66,51,28.82,10,4,1,20,8,25
77,57,37,76,43,27,70,62,48,31.26,10,5,5,18,5,29
95,55,44,58,36,22,75,68,48,30.38,10,7,5,16,6,29
83,63,25,56,42,22,88,60,58,31.66,10,5,0,18,1,32
76,47,42,73,47,31,85,67,54,30.84,10,4,2,15,4,22
85,60,35,58,48,31,91,66,53,28.78,10,9,0,14,9,29
68,51,47,51,40,23,74,69,45,32.13,10,8,5,6,4,29
54,52,44,52,51,36,79,78,56,29.89,10,5,2,22,6,20
80,53,36,39,44,32,73,62,48,31.67,10,8,0,19,5,30
56,49,36,42,44,22,85,76,45,31.55,10,8,5,9,6,34
75,57,39,50,48,38,91,76,42,30.45,10,5,2,15,6,31
70,52,39,50,49,28,93,68,60,30.48,10,5,0,11,4,31
50,51,36,74,41,26,77,69,51,30.67,10,4,7,10,5,24
64,55,41,54,49,36,66,73,53,28.64,10,8,5,9,4,32
73,58,42,61,46,22,78,70,51,30.33,10,7,1,18,6,36
69,55,36,61,47,30,104,71,38,30.29,10,7,2,18,7,33
80,53,40,54,51,28,86,77,49,32.16,10,8,2,10,3,29
57,57,42,60,38,21,82,63,51,30.53,10,9,0,11,7,28
60,45,40,57,41,26,86,68,50,28.44,10,8,4,15,3,27
51,55,36,59,50,26,82,65,49,29.85,10,8,0,25,2,29
70,63,37,43,46,24,72,77,61,31.13,10,7,3,16,2,37
76,58,49,64,40,26,106,69,48,29.63,10,9,7,9,7,28
53,52,42,67,35,36,73,66,49,30.4,10,4,4,15,4,35
71,49,37,53,45,29,77,68,54,31.63,10,5,2,26,4,30
79,49,51,61,38,32,62,55,47,29.26,10,8,2,10,2,34
89,59,36,62,53,31,76,67,47,28.77,10,6,1,7,5,28
76,58,48,56,50,34,75,74,46,29.13,10,6,4,13,6,20
76,64,41,64,42,28,70,69,47,30.67,10,7,2,14,5,22
66,54,41,83,55,43,105,71,58,29.29,10,7,2,10,0,34
74,50,30,59,34,28,90,56,53,30.33,10,7,0,9,2,29
65,61,47,48,38,30,98,67,54,29.77,10,8,5,16,2,30
69,68,43,82,46,37,75,73,51,28.61,10,6,3,11,2,31
60,59,42,51,34,28,84,64,45,30.42,10,6,3,11,6,27
68,54,48,73,39,28,73,69,52,27.9,10,7,1,21,3,33
74,56,41,77,50,29,85,69,53,28.44,10,7,0,11,4,29
79,53,48,63,41,26,87,63,54,29.44,10,4,0,15,6,26
78,55,44,68,42,21,81,66,54,29.45,10,7,4,25,5,20
59,50,43,54,49,33,76,64,46,30.46,10,8,7,4,6,28
71,51,41,51,52,29,96,71,62,29.94,10,8,0,23,6,25
62,54,31,49,35,34,106,74,51,30.78,10,6,0,4,4,30
63,58,41,44,41,30,72,64,49,30.53,10,6,4,23,8,26
74,53,44,60,41,26,97,65,45,29.44,10,8,1,15,7,23
61,49,36,69,53,38,97,70,50,27.75,10,6,4,11,1,33
60,55,41,52,47,31,67,74,50,30.0,10,1,3,18,4,27
57,47,41,51,42,38,95,71,51,29.65,10,2,1,23,6,35
56,49,43,62,52,35,103,72,53,30.73,10,6,1,17,4,28
72,47,40,66,41,22,85,69,54,30.8,10,8,2,16,6,27
58,52,38,60,44,27,84,73,54,30.2,10,7,7,18,8,25
60,61,40,40,30,35,86,71,51,29.72,10,5,0,21,3,30
66,45,36,51,48,32,87,69,54,30.11,10,6,1,10,7,31
84,53,40,61,51,27,112,77,44,30.45,10,6,6,19,6,36
64,68,43,75,50,41,70,73,51,29.27,10,4,4,12,0,25
54,45,39,55,42,31,87,63,52,31.52,10,10,1,20,7,31
72,50,43,49,41,30,72,73,47,29.78,10,6,1,19,6,27
83,51,43,65,40,32,91,75,47,28.96,10,6,1,19,1,30
76,54,47,69,50,25,89,67,48,29.74,10,10,1,14,7,35
81,54,36,47,47,27,71,71,49,29.77,10,3,1,20,5,31
57,51,37,52,44,26,101,77,47,30.37,10,5,6,19,3,20
61,58,37,78,43,29,83,63,51,29.86,10,7,7,16,3,29
62,58,54,45,40,30,80,62,53,29.53,10,6,1,10,6,28
83,58,38,61,55,20,100,74,41,30.59,10,7,0,13,4,32
60,50,33,60,45,25,84,69,53,30.33,10,8,1,11,6,24
68,50,35,44,49,26,80,67,48,30.19,10,2,4,11,5,32
78,44,30,63,42,28,70,69,43,27.27,10,4,8,8,2,29
67,57,48,65,51,31,74,75,46,30.82,10,10,5,10,4,26
63,65,41,42,38,36,86,75,50,29.19,10,5,2,23,4,25
70,57,41,74,51,26,80,69,49,29.79,10,5,1,20,7,31
63,49,36,55,47,33,89,69,52,29.36,10,10,2,6,2,25
58,54,48,65,48,31,96,65,58,30.51,10,7,4,17,4,20
71,60,34,67,38,29,83,66,48,29.36,10,7,1,9,4,30
87,47,39,71,48,35,91,73,53,28.39,10,7,4,8,4,31
91,54,38,51,53,34,74,70,42,30.68,10,6,3,14,5,28
69,54,47,76,44,29,88,71,39,29.2,10,6,9,9,2,29
73,51,29,52,38,28,95,70,54,29.67,10,11,2,14,6,28
72,52,42,51,50,32,84,75,57,30.93,10,2,3,15,4,41
59,49,37,57,56,31,94,69,51,30.86,10,7,9,10,4,31
86,62,34,61,32,28,87,67,54,30.23,10,5,6,22,4,19
90,54,50,62,42,27,84,79,60,30.81,10,8,4,13,3,24
82,55,36,57,45,19,95,73,44,30.93,10,6,3,17,5,32
71,52,39,75,44,29,97,65,50,31.07,10,5,2,12,6,21
82,48,38,48,41,34,73,71,47,29.4,10,4,5,19,2,35
85,62,45,57,55,26,101,73,55,29.53,10,6,7,11,2,31
56,59,38,58,41,39,81,74,56,29.27,10,10,0,18,5,17
71,51,46,55,41,20,88,68,49,30.53,10,6,0,6,3,30
69,55,34,59,44,39,103,68,51,30.43,10,7,5,19,4,20
68,47,45,59,51,35,80,70,48,28.46,10,9,2,3,3,21
59,46,37,68,44,34,98,77,42,29.8,10,5,0,15,7,40
54,58,47,66,46,33,90,77,61,28.99,10,5,2,3,4,28
48,58,35,58,39,25,84,62,44,29.48,10,6,1,17,8,32
58,46,43,56,39,35,107,65,46,30.84,10,8,3,9,4,28
80,53,40,52,42,27,82,73,50,31.42,10,5,5,12,3,28
65,56,35,57,45,30,90,71,53,29.66,10,4,2,14,4,34
70,62,40,56,46,35,70,66,45,30.47,10,8,0,22,5,38
58,62,38,61,49,29,76,71,45,31.03,10,5,3,7,8,31
52,56,39,64,43,36,92,72,53,29.15,10,1,4,12,2,26
75,51,39,63,42,27,68,78,45,30.14,10,6,2,19,3,17
66,56,41,59,45,25,106,65,43,30.44,10,6,3,10,1,26
70,53,40,48,45,26,81,66,57,30.21,10,8,5,11,8,39
78,49,41,51,40,32,85,70,47,30.58,10,7,7,8,3,35
68,53,24,71,47,38,92,76,48,28.45,10,8,3,19,5,27
89,49,38,75,50,22,103,68,52,30.2,10,7,2,9,6,25
84,50,31,52,52,26,71,61,54,30.91,10,4,3,20,8,26
65,57,43,50,39,30,76,64,45,31.14,10,7,5,11,7,38
70,43,37,58,46,27,84,68,53,31.21,10,9,6,12,4,40
70,58,32,51,39,30,84,69,50,31.15,10,4,1,11,2,38
74,57,39,50,47,42,73,78,45,30.65,10,5,1,10,8,26
64,59,34,75,45,30,79,69,46,29.83,10,3,5,15,5,35
52,55,44,66,45,28,86,66,54,30.77,10,9,0,15,3,33
73,54,40,83,42,17,80,67,52,31.14,10,8,2,22,4,25
62,53,40,44,35,37,92,68,53,32.24,10,6,4,9,5,36
64,55,35,55,40,37,85,69,50,29.73,10,7,0,16,4,34
83,56,45,74,39,34,79,66,47,31.3,10,6,1,12,5,30
68,55,36,56,45,33,90,75,43,30.58,10,5,3,13,4,29
70,50,20,68,54,33,84,72,54,29.77,10,5,4,11,5,29
70,49,46,52,48,22,95,76,49,30.16,10,7,4,20,6,25
73,48,40,60,41,29,74,81,60,31.18,10,7,2,19,9,25
68,47,47,66,53,29,73,78,53,30.9,10,9,0,7,3,34
63,54,31,70,46,31,100,75,49,30.57,10,4,4,17,4,32
76,53,45,47,36,21,83,71,57,30.94,10,8,5,18,5,34
82,47,38,64,50,26,85,72,58,30.73,10,3,4,18,8,19
66,56,41,46,44,26,67,71,55,30.35,10,5,5,14,5,27
72,48,43,63,42,24,81,61,48,29.56,10,8,1,16,2,34
68,55,51,46,42,28,92,66,48,28.43,10,5,3,12,2,30
62,60,40,56,49,37,85,64,47,29.88,10,7,1,11,2,27
61,53,28,70,49,26,92,72,37,28.35,10,4,2,11,5,36
71,53,33,64,39,24,81,65,53,29.96,10,9,1,8,10,31
62,57,35,53,46,35,81,56,53,29.52,10,5,4,7,5,32
67,59,32,47,53,32,99,67,53,30.69,10,3,3,13,5,23
63,54,39,88,43,29,74,70,58,29.49,10,8,0,11,7,30
78,57,41,66,43,34,95,73,55,30.97,10,6,1,14,4,36
81,57,42,56,49,35,56,74,47,31.38,10,4,4,24,3,30
70,58,34,57,44,29,78,74,44,30.55,10,5,0,12,10,26
50,62,39,64,42,26,81,65,46,30.49,10,8,5,3,5,28
60,55,36,72,51,22,96,71,46,31.48,10,5,0,16,6,29
72,52,43,74,40,27,78,71,50,30.27,10,3,2,14,1,22
81,55,36,69,50,27,78,71,47,31.25,10,5,0,11,7,30
72,58,35,70,40,36,88,73,46,30.1,10,6,0,25,3,36
80,64,44,69,48,23,67,60,47,30.17,10,7,5,13,3,26
86,47,32,72,46,27,76,73,54,30.09,10,3,4,15,5,36
63,57,33,57,45,37,94,73,39,29.64,10,9,2,13,2,25
55,48,42,68,45,29,95,70,54,30.03,10,7,3,26,4,30
66,63,37,63,43,31,86,62,52,30.08,10,9,6,16,0,28
81,49,46,59,45,20,82,74,46,28.97,10,11,5,11,1,31
58,58,43,59,43,24,116,74,55,29.77,10,9,1,10,4,33
81,62,40,62,38,23,72,74,54,31.09,10,7,5,18,5,33
59,51,33,66,57,34,99,68,46,30.52,10,9,1,17,3,27
77,53,39,54,48,24,91,77,47,29.03,10,3,7,17,7,33
86,58,33,52,41,37,90,69,44,32.21,10,5,2,15,5,35
77,54,35,57,45,30,92,71,55,29.75,10,7,2,16,8,40
71,56,36,38,45,23,81,72,47,31.28,10,7,2,23,5,36
62,60,46,67,44,30,108,68,50,32.28,10,10,0,10,1,29
79,52,38,63,45,26,74,81,46,30.13,10,6,1,6,5,21
76,53,40,67,47,32,90,85,53,30.18,10,7,2,18,3,31
75,52,39,74,42,29,102,73,47,31.2,10,5,2,24,3,22
81,55,32,67,37,27,78,69,52,30.88,10,10,5,18,3,33
88,59,45,70,47,32,80,79,56,28.39,10,8,4,15,4,29
72,49,40,41,45,23,78,72,52,30.61,10,11,0,16,7,21
71,50,34,65,51,31,92,69,61,30.08,10,3,1,22,5,35
76,54,39,64,44,18,104,69,39,30.98,10,9,2,10,4,31
76,56,41,60,45,26,101,64,56,29.84,10,7,9,18,4,18
72,51,44,52,46,29,86,75,52,29.54,10,8,1,14,5,26
71,55,40,66,46,27,81,66,53,29.62,10,7,3,10,4,30
73,49,37,38,44,23,85,65,45,29.83,10,4,2,9,9,31
65,56,46,69,50,26,93,69,48,31.7,10,5,0,15,4,30
81,52,37,69,42,25,80,75,46,30.29,10,9,5,18,6,20
73,52,47,53,32,19,80,71,52,29.21,10,6,6,17,2,24
87,65,30,56,48,29,65,71,45,30.29,10,6,3,20,6,34
68,55,40,60,35,31,91,66,49,28.81,10,6,3,17,4,34
66,52,46,69,45,28,109,68,58,28.29,10,4,0,23,3,35
59,57,36,60,42,32,77,70,44,30.65,10,7,8,13,5,37
82,52,36,59,52,30,76,77,36,31.34,10,5,1,7,4,21
76,54,35,54,39,35,76,66,46,30.56,10,7,0,12,2,34
61,57,42,53,47,28,66,69,51,29.4,10,6,1,8,6,36
76,57,30,54,36,22,86,73,58,30.28,10,9,0,17,3,17
76,52,38,58,39,34,87,76,52,31.55,10,5,0,11,2,23
66,58,35,69,34,31,79,73,49,30.59,10,6,1,9,3,33
79,49,42,71,46,33,72,75,47,29.2,10,6,1,12,3,26
58,59,40,75,49,30,63,60,36,30.08,10,4,4,12,6,29
56,52,42,61,44,32,74,65,47,29.84,10,6,2,16,5,25
68,57,30,70,48,28,80,68,48,28.53,10,5,1,15,9,35
65,43,44,75,37,33,73,76,52,30.41,10,7,4,16,2,22
92,45,41,58,42,29,92,67,38,30.68,10,4,2,23,6,25
86,49,38,66,46,26,76,62,58,31.41,10,9,0,21,4,29
82,55,41,57,44,30,89,77,41,29.76,10,7,0,12,1,31
72,53,46,70,42,36,80,75,56,29.43,10,2,2,14,5,36
73,52,29,62,47,37,88,65,49,29.5,10,6,2,17,6,27
70,57,37,52,41,20,89,71,49,28.54,10,9,3,6,3,34
61,52,35,58,46,29,87,71,47,29.83,10,8,1,14,8,34
78,51,31,58,43,32,87,67,39,31.37,10,7,2,13,8,31
62,53,30,59,41,13,63,69,55,30.85,10,0,1,19,6,26
65,49,31,43,40,30,74,70,52,30.4,10,7,2,17,5,23
56,65,51,63,42,28,96,68,57,29.35,10,8,0,16,2,33
70,57,32,75,54,34,97,66,54,30.15,10,11,0,25,5,28
63,61,33,35,45,30,85,60,45,30.05,10,6,1,25,7,30
65,50,34,75,40,33,77,67,54,30.98,10,3,6,15,3,26
56,48,37,63,53,23,87,72,43,28.89,10,9,4,20,2,24
63,52,45,39,52,27,89,62,45,28.8,10,4,2,8,8,33
38,59,53,72,35,28,77,67,41,29.56,10,8,3,18,7,41
69,50,39,64,48,30,81,61,55,28.13,10,7,4,13,4,33
71,50,44,68,44,31,92,79,49,29.73,10,8,4,16,3,30
60,45,36,58,39,33,65,62,41,31.06,10,7,3,19,6,33
65,57,39,55,45,26,86,68,49,30.21,10,7,1,13,4,22
83,56,47,64,37,28,79,73,47,29.68,10,9,2,15,5,28
73,64,41,67,42,27,95,71,57,31.16,10,3,2,22,7,36
47,54,34,64,48,24,91,66,48,30.64,10,6,1,13,5,27
62,48,43,68,42,23,78,70,53,29.0,10,5,1,20,7,22
59,55,37,51,43,33,92,70,56,29.91,10,5,1,9,3,34
71,56,43,56,46,35,88,73,60,28.79,10,6,1,18,2,33
81,53,38,43,50,29,80,68,64,29.58,10,10,0,13,6,21
78,45,36,52,43,23,74,65,47,29.7,10,7,2,27,4,27
60,44,33,60,53,29,90,61,51,30.86,10,8,4,13,3,23
80,58,42,33,53,36,80,66,52,29.47,10,6,0,16,5,27
76,54,47,56,39,44,76,70,51,27.42,10,7,6,18,5,20
49,55,35,64,52,25,88,72,52,29.43,10,4,2,11,4,27
76,57,50,43,37,27,84,70,51,30.34,10,7,1,15,8,14
64,56,40,62,46,34,82,74,53,30.54,10,4,4,19,5,27
76,63,47,48,44,28,74,67,52,30.72,10,7,0,24,2,28
81,49,35,59,36,35,76,70,49,30.74,10,5,3,12,4,27
63,41,40,69,46,25,93,72,54,29.92,10,8,2,15,4,34
81,52,42,54,48,41,93,65,54,30.73,10,6,4,8,6,28
68,55,33,57,38,23,76,69,50,30.34,10,7,2,25,5,26
67,53,38,59,46,29,86,62,53,29.61,10,8,0,9,4,31
73,56,27,71,44,28,92,69,46,29.86,10,5,2,21,7,28
89,57,49,71,48,35,82,65,49,30.38,10,7,2,5,2,29
70,63,30,63,47,25,81,77,50,31.02,10,6,6,23,10,30
76,55,35,58,44,28,66,66,47,30.0,10,6,3,17,2,37
67,55,35,56,40,32,74,74,42,28.37,10,4,5,18,3,26
80,57,37,49,46,25,87,69,55,29.5,10,6,5,12,4,32
65,48,35,53,42,24,100,66,45,29.54,10,8,6,20,4,28
62,47,38,66,37,35,98,71,45,30.17,10,5,0,21,1,36
75,62,52,74,50,30,89,66,45,29.43,10,4,2,17,4,30
84,49,27,48,45,35,77,72,56,30.92,10,2,4,25,1,20
82,58,45,46,38,34,104,67,46,30.57,10,6,5,12,5,22
66,48,31,68,46,40,75,76,40,30.93,10,1,5,26,3,37
71,52,37,51,53,32,92,66,43,29.2,10,7,9,17,4,25
68,55,39,49,46,37,91,60,40,30.7,10,2,2,18,9,18
72,52,43,65,46,38,89,70,51,29.17,10,6,1,12,3,21
73,58,36,59,44,28,80,67,41,30.66,10,10,2,14,5,29
74,52,50,73,41,27,86,68,49,29.19,10,6,1,10,7,32
75,52,43,58,41,28,88,77,50,29.56,10,9,2,14,7,35
60,59,28,53,55,31,68,71,49,30.46,10,7,4,12,8,29
72,52,47,50,46,29,84,69,49,29.05,10,7,1,13,0,37
60,59,44,47,55,34,89,64,50,29.69,10,10,2,17,4,26
58,52,38,55,30,30,84,63,57,31.57,10,7,6,19,4,26
63,54,35,71,40,35,87,60,56,30.51,10,5,6,11,6,27
60,52,40,77,47,32,89,74,50,29.11,10,4,0,19,7,39
46,61,32,36,45,30,59,63,50,28.99,10,7,3,11,5,24
75,53,36,61,47,31,92,71,51,30.35,10,4,2,15,6,23
69,60,31,45,41,34,85,65,50,29.33,10,6,0,9,2,26
59,62,36,81,34,29,76,60,42,32.04,10,5,2,9,5,21
76,50,38,61,40,37,96,63,44,32.1,10,8,0,12,5,32
63,56,39,68,42,22,77,62,51,30.14,10,5,0,13,8,31
77,52,33,63,41,22,85,75,45,30.42,10,4,7,17,2,29
69,54,42,55,49,30,78,75,48,29.76,10,9,3,17,6,33
78,47,42,68,44,27,79,63,54,29.39,10,7,5,16,4,27
70,51,52,50,47,31,76,67,49,28.95,10,7,2,16,3,25
45,52,37,76,49,26,93,69,42,30.16,10,5,0,12,4,24
73,54,34,72,40,38,77,69,45,30.81,10,7,0,19,3,21
54,49,43,66,42,31,73,59,55,30.15,10,6,1,9,6,31
80,60,33,64,59,30,71,70,54,31.71,10,4,2,10,1,34
61,67,41,71,39,23,95,69,50,30.18,10,6,7,19,6,31
74,53,35,62,48,20,93,78,49,28.44,10,7,3,7,5,24
78,47,46,69,42,27,64,70,46,29.52,10,9,2,16,5,38
73,57,31,67,46,26,96,69,49,31.39,10,4,0,10,3,37
61,52,42,59,53,29,105,77,48,29.5,10,10,4,15,6,28
82,53,34,67,36,32,90,71,45,29.59,10,7,0,15,8,36
72,61,31,54,43,36,88,69,41,29.27,10,5,2,19,4,19
68,50,39,63,39,30,85,69,60,30.82,10,10,3,8,3,32
64,59,38,60,42,32,103,68,50,31.18,10,5,5,21,1,31
71,55,34,63,41,37,85,75,51,29.51,10,7,2,27,4,31
66,50,41,64,44,26,77,77,50,29.63,10,8,1,9,6,33
63,53,44,47,46,33,72,70,49,31.32,10,6,7,17,7,33
68,54,39,63,45,26,92,60,43,30.77,10,8,1,20,5,26
80,59,43,70,42,32,102,73,47,30.12,10,10,3,16,5,23
69,53,43,67,47,27,75,75,48,31.65,10,8,1,17,4,30
49,51,35,59,49,26,74,63,52,29.11,10,6,0,14,4,25
74,60,31,77,51,24,76,75,52,29.25,10,9,1,13,7,24
63,56,46,68,46,36,79,67,43,28.77,10,5,5,21,4,27
63,45,39,54,41,27,106,67,53,29.78,10,5,1,25,3,29
61,53,47,56,45,28,89,74,48,28.88,10,7,5,18,6,33
67,52,48,62,45,33,96,66,50,31.18,10,6,6,15,4,34
65,53,47,59,37,27,88,60,46,28.94,10,9,0,18,6,23
69,59,43,53,47,31,70,70,54,30.07,10,7,7,13,1,35
73,60,46,66,48,19,81,59,45,29.39,10,5,5,12,4,30
47,56,31,58,39,26,75,67,43,32.08,10,5,0,18,3,31
75,57,45,45,33,36,90,73,50,29.8,10,8,3,17,5,30
58,62,39,63,50,31,81,73,40,29.71,10,6,1,13,3,35
64,57,51,61,42,24,73,69,52,31.11,10,7,4,7,6,30
73,57,48,61,41,29,106,67,49,30.06,10,6,0,11,3,35
68,59,38,56,40,29,107,73,51,29.4,10,9,3,10,7,24
70,62,42,61,39,32,98,65,49,30.87,10,5,0,11,7,23
47,55,35,65,42,31,97,74,61,29.98,10,5,5,12,6,32
73,57,36,59,38,35,92,77,47,28.87,10,6,4,17,3,29
64,57,44,69,45,33,90,72,55,29.29,10,5,1,13,5,20
64,52,33,54,54,26,96,69,53,30.27,10,6,6,11,1,25
73,54,41,56,45,22,86,72,53,30.75,10,4,7,15,3,29
76,55,41,73,32,34,93,67,58,28.76,10,6,0,6,5,26
75,56,46,69,40,25,84,71,49,30.47,10,7,2,19,7,34
93,53,41,75,47,33,86,69,47,31.04,10,5,1,13,7,34
82,58,39,68,44,30,90,74,47,30.9,10,1,6,19,5,29
77,57,42,54,42,35,95,72,57,30.3,10,1,3,21,6,31
63,63,43,52,46,33,78,69,46,31.29,10,8,6,15,4,33
81,50,42,64,45,38,82,68,47,28.9,10,8,1,10,3,38
68,54,40,69,53,31,91,77,51,31.14,10,5,0,20,3,28
65,53,38,59,41,30,89,71,55,31.44,10,6,3,7,3,24
79,47,42,77,47,17,92,81,51,31.18,10,2,3,17,5,31
76,57,40,52,46,29,68,59,54,30.28,10,6,1,13,6,35
62,48,40,61,36,18,93,68,50,30.03,10,8,9,22,4,26
69,53,37,66,44,41,84,69,55,30.09,10,11,1,18,7,24
70,56,38,50,45,33,76,66,46,28.96,10,5,5,6,5,26
60,48,44,56,44,22,83,71,50,30.21,10,8,0,18,7,31
61,54,41,64,46,34,87,66,55,28.97,10,6,2,13,8,34
69,46,44,60,42,33,97,72,52,31.24,10,7,6,14,9,31
60,48,35,45,40,32,68,77,46,31.1,10,9,0,14,6,28
74,57,39,56,41,29,84,66,47,27.85,10,11,1,19,5,33
72,54,45,72,44,32,96,71,47,31.02,10,6,3,7,6,38
69,51,29,66,46,20,78,82,42,29.03,10,6,3,9,1,24
61,71,47,61,49,28,84,74,53,31.54,10,9,2,14,2,31
80,53,43,55,40,29,77,71,55,27.88,10,6,0,14,3,23
53,56,47,55,51,30,76,64,57,29.01,10,7,2,4,4,21
87,57,54,40,49,35,72,60,49,29.09,10,8,3,18,5,31
82,58,38,63,46,28,106,74,56,29.19,10,8,3,13,0,18
49,58,29,66,42,31,93,67,49,30.09,10,6,1,13,3,25
65,60,41,69,48,30,59,76,45,31.03,10,5,0,16,7,24
62,53,35,76,45,32,86,65,53,28.98,10,9,0,16,4,27
70,61,35,54,33,34,74,71,47,29.93,10,8,4,9,6,33
62,57,35,63,45,39,80,70,55,29.46,10,2,0,6,8,32
90,53,48,61,52,31,78,73,42,29.19,10,8,7,12,3,36
57,55,39,62,49,30,98,75,52,29.05,10,5,6,14,5,35
89,49,41,57,36,37,73,72,55,30.6,10,8,0,16,4,18
70,45,40,55,41,27,76,73,53,28.08,10,12,1,10,6,37
70,56,41,55,37,19,91,74,53,30.21,10,6,0,10,5,30
56,62,39,49,43,32,86,61,44,29.07,10,4,2,11,2,29
75,56,40,65,42,29,67,65,43,30.34,10,8,0,15,5,32
67,63,38,46,46,31,81,72,47,28.75,10,9,2,13,3,38
74,57,39,62,47,29,92,71,47,29.23,10,8,1,13,4,25
74,52,38,75,42,31,92,70,53,32.02,10,9,3,11,4,18
59,57,31,55,41,30,91,68,47,29.35,10,8,0,10,8,17
77,58,46,77,47,34,92,68,52,30.09,10,4,1,12,4,29
77,49,37,57,39,22,102,68,48,29.22,10,7,1,9,3,33
74,55,43,78,52,33,92,70,54,29.79,10,6,5,8,5,27
57,56,47,42,43,30,91,70,50,31.22,10,4,2,26,4,38
72,55,42,78,38,22,93,80,51,30.27,10,8,9,11,4,28
71,59,46,59,39,32,87,66,55,30.03,10,4,4,11,6,25
73,53,43,78,38,31,81,80,50,30.06,10,4,1,11,6,29
64,55,39,51,39,24,99,76,39,30.07,10,4,0,5,4,30
65,52,41,66,45,26,82,67,44,30.43,10,5,1,20,2,28
90,60,44,53,40,26,80,72,51,31.77,10,0,0,13,4,35
61,64,34,52,39,32,117,74,49,31.02,10,9,0,7,3,34
58,53,36,53,51,26,86,63,42,30.01,10,13,7,15,3,34
72,51,39,48,36,31,84,60,58,31.24,10,7,2,14,0,31
71,56,40,53,30,30,87,72,49,29.03,10,6,4,24,6,30
50,57,45,60,51,30,85,71,51,33.1,10,7,4,12,7,31
82,55,38,59,40,30,78,67,59,30.18,10,7,3,11,3,27
66,55,39,74,50,34,78,68,47,29.4,10,7,4,12,3,41
80,51,47,53,55,28,76,65,48,30.55,10,8,0,18,4,39
63,54,34,72,48,32,74,76,47,30.25,10,5,4,17,5,27
57,57,40,58,29,31,76,76,45,30.52,10,2,4,8,7,31
67,52,38,53,45,25,79,66,45,30.38,10,6,4,9,5,32
68,60,39,62,40,24,68,74,50,31.04,10,7,1,14,6,32
69,47,31,61,48,23,87,76,48,30.29,10,6,2,14,5,32
60,55,41,52,34,31,80,58,51,28.8,10,6,5,13,7,28
73,52,39,63,51,24,91,71,54,30.31,10,10,2,12,0,20
62,56,44,60,44,32,87,66,49,30.38,10,4,4,17,5,30
72,53,41,68,53,44,85,74,42,30.42,10,10,2,12,7,32
88,53,40,76,46,26,85,69,46,30.29,10,5,4,19,3,23
60,56,39,49,46,24,83,66,46,31.65,10,5,2,23,3,34
70,51,49,62,51,32,85,65,42,32.65,10,7,6,11,7,28
55,54,39,64,47,39,82,76,39,30.47,10,9,2,9,0,21
66,57,43,70,49,33,87,65,42,30.4,10,10,6,28,0,29
64,50,38,59,47,33,83,72,47,29.32,10,6,0,18,5,28
67,54,41,59,48,37,86,68,51,28.33,10,6,7,13,6,26
59,48,46,64,38,36,86,67,46,30.84,10,6,3,16,3,33
66,62,41,51,42,27,64,68,55,30.92,10,7,6,16,4,30
60,57,28,76,47,32,89,69,51,29.22,10,7,1,7,3,36
59,55,37,60,41,33,92,63,49,30.11,10,7,1,13,1,29
68,55,36,59,37,26,87,72,43,30.14,10,11,0,22,3,33
60,51,40,72,46,27,85,66,52,31.8,10,6,2,7,9,27
86,55,36,63,46,23,96,70,51,30.17,10,10,1,14,2,34
57,56,38,62,42,36,90,71,46,30.93,10,8,0,8,4,22
50,48,46,61,51,27,64,78,44,30.69,10,5,3,13,4,25
78,51,45,40,59,29,75,73,51,30.01,10,6,4,25,4,26
68,67,45,63,37,30,92,70,52,31.14,10,6,7,14,5,27
67,50,38,60,44,27,79,70,47,29.58,10,8,0,11,9,21
72,52,41,62,48,35,103,73,52,30.94,10,7,7,13,6,29
75,52,39,75,38,33,61,66,50,32.0,10,5,7,18,5,33
70,55,33,51,49,29,92,72,50,28.26,10,10,4,19,7,31
75,57,39,64,45,32,90,64,52,29.5,10,5,2,12,6,33
73,54,37,67,40,31,87,66,50,30.82,10,11,2,14,6,34
65,49,41,52,43,32,83,75,50,28.94,10,6,1,21,4,25
57,62,34,71,38,36,89,66,49,29.26,10,9,3,8,5,30
63,56,36,73,38,24,86,69,48,30.35,10,9,2,17,8,24
80,55,40,45,41,27,96,69,52,30.42,10,6,0,8,6,32
77,53,47,77,54,30,89,69,43,29.91,10,7,3,16,6,29
72,56,42,44,34,41,74,70,50,31.59,10,7,0,16,4,43
90,59,41,64,54,19,97,72,57,30.7,10,7,2,21,6,31
65,55,39,66,41,27,92,65,53,29.36,10,5,0,19,4,33
70,54,38,61,46,39,102,63,51,30.32,10,8,5,15,7,29
78,56,36,63,36,36,75,71,56,31.45,10,5,0,14,4,18
82,66,43,72,51,30,91,71,47,29.9,10,4,2,12,3,32
62,52,39,70,36,22,85,75,46,31.08,10,5,6,19,5,31
60,52,45,48,56,33,72,67,48,31.88,10,2,5,15,3,27
70,55,39,60,42,24,75,73,46,29.41,10,6,2,19,7,34
61,58,44,54,43,25,81,77,48,29.47,10,7,0,23,7,38
77,56,30,59,44,32,66,73,57,32.17,10,2,5,19,5,29
73,58,46,70,44,21,90,64,44,29.53,10,5,2,13,5,30
88,53,37,59,53,31,80,66,54,28.72,10,7,6,8,7,27
58,55,35,67,37,27,85,82,51,28.62,10,9,1,15,3,32
78,46,29,53,41,22,92,74,44,30.8,10,5,2,15,4,38
69,54,45,56,50,32,70,69,52,30.12,10,5,3,14,5,25
72,42,38,67,44,24,93,78,47,29.64,10,3,0,20,5,22
59,60,43,49,46,32,86,66,58,31.06,10,3,1,11,3,27
83,56,44,61,39,39,71,72,49,29.99,10,8,2,24,5,26
62,59,42,62,47,36,78,77,46,31.28,10,5,3,16,6,30
71,53,35,56,36,36,77,72,54,30.82,10,7,1,10,6,21
80,45,35,59,39,30,83,68,43,29.43,10,7,2,16,6,24
85,49,37,59,36,24,82,70,47,29.64,10,4,0,14,8,30
66,58,41,80,40,36,79,76,53,29.91,10,6,3,18,3,22
63,48,43,61,45,27,70,76,49,28.97,10,5,2,4,4,34
68,55,40,49,55,32,90,69,43,28.75,10,7,1,14,2,38
61,53,42,61,50,37,103,78,54,30.26,10,5,5,22,3,27
70,52,35,65,38,28,92,71,54,28.95,10,6,1,19,8,27
74,63,36,83,48,24,94,70,64,30.0,10,7,3,23,6,25
68,62,35,59,48,22,109,65,40,30.11,10,2,0,18,3,31
66,48,45,52,41,32,81,63,43,30.7,10,5,4,18,5,30
59,56,35,48,48,36,88,68,40,29.95,10,6,6,10,5,38
66,58,40,72,46,29,89,69,48,28.97,10,10,0,13,5,28
62,58,36,64,41,24,96,64,49,31.05,10,5,2,21,5,39
77,63,40,46,45,33,89,77,59,30.24,10,8,2,10,4,26
58,62,34,75,42,28,70,64,50,29.04,10,4,2,14,3,30
62,58,44,78,46,32,80,60,50,30.49,10,4,0,12,7,29
66,48,44,67,47,22,78,68,46,30.99,10,6,3,16,3,26
64,57,41,47,45,23,92,71,57,30.07,10,8,1,18,4,19
85,45,38,66,53,26,93,65,47,30.42,10,4,4,20,4,34
70,58,35,49,38,29,72,70,49,28.43,10,4,0,17,6,27
63,52,37,57,42,26,84,79,55,29.03,10,5,1,15,3,26
78,54,41,76,49,30,87,63,55,30.48,10,6,1,13,3,24
96,55,28,65,39,27,85,65,40,32.79,10,9,3,19,5,37
84,61,37,55,44,27,100,60,52,31.03,10,4,3,20,2,29
68,61,37,69,37,28,77,76,47,29.49,10,9,1,13,6,34
67,55,27,57,47,33,101,71,47,31.13,10,8,2,23,7,37
81,53,39,32,47,34,74,71,48,28.74,10,7,1,11,6,33
75,52,35,60,38,29,89,68,52,29.94,10,11,0,15,7,28
85,56,42,45,38,38,94,74,58,29.14,10,8,3,14,7,25
42,58,50,73,38,32,76,75,60,32.85,10,5,6,16,6,30
72,51,42,60,40,30,81,70,36,29.5,10,4,3,14,2,40
71,46,40,47,41,29,87,66,36,32.15,10,8,2,14,5,27
74,54,32,65,45,26,97,62,46,30.91,10,9,1,2,3,19
60,59,34,66,49,33,77,68,49,30.66,10,7,4,8,0,33
81,57,43,63,46,37,85,69,43,30.31,10,7,3,6,5,30
79,55,39,56,47,34,76,76,50,29.39,10,6,1,12,7,28
53,56,40,58,40,36,83,62,51,30.55,10,8,0,12,6,33
68,62,36,72,39,27,73,76,59,30.44,10,7,3,9,8,31
77,47,40,62,46,28,75,72,49,32.09,10,6,2,32,5,29
61,55,35,51,45,26,97,65,48,29.15,10,7,0,21,5,33
65,48,36,68,47,33,77,69,48,30.38,10,9,2,26,6,26
81,45,30,64,34,30,90,71,49,27.87,10,8,0,12,1,29
93,53,44,53,45,28,86,68,38,30.09,10,5,1,14,2,23
62,61,36,51,46,31,99,68,49,30.16,10,5,2,15,4,32
53,49,32,57,47,29,84,67,54,29.24,10,7,0,13,4,30
45,58,36,57,44,42,94,68,43,29.43,10,6,3,9,5,35
66,55,45,66,50,38,116,67,49,29.92,10,8,0,8,1,34
63,46,35,61,43,35,80,69,55,30.85,10,3,2,5,5,28
74,48,35,54,43,24,75,70,51,30.61,10,7,1,25,0,34
79,55,44,57,48,35,99,66,52,32.63,10,3,1,21,4,20
68,48,36,57,45,19,102,65,52,28.13,10,8,5,13,6,33
70,54,31,62,40,39,81,63,43,28.87,10,8,2,25,5,23
68,54,34,46,43,27,80,62,46,29.44,10,7,1,14,7,30
62,53,34,67,52,22,89,65,47,29.18,10,6,2,8,5,30
52,64,39,69,31,30,80,75,47,29.95,10,4,0,19,2,32
86,49,32,68,53,17,79,75,47,29.95,10,5,5,6,4,41
65,51,36,51,48,35,90,71,48,30.56,10,6,1,16,9,33
74,49,41,73,48,38,76,69,54,28.63,10,6,3,8,7,38
70,51,47,57,41,34,91,70,57,29.58,10,6,2,11,4,39
63,61,42,46,51,34,64,63,43,29.66,10,5,1,19,3,30
67,64,36,61,40,35,64,68,55,28.72,10,7,1,15,6,36
81,52,39,71,48,36,115,75,46,27.06,10,5,2,18,4,16
73,47,31,63,49,36,81,60,50,30.28,10,5,3,13,7,30
86,54,28,65,43,28,71,71,54,32.0,10,7,6,15,2,25
73,53,39,67,44,29,88,70,58,30.49,10,4,0,22,5,34
75,50,39,67,55,33,76,75,60,30.08,10,6,8,17,4,35
60,52,39,51,37,21,62,76,43,28.57,10,10,6,11,7,30
65,58,40,61,52,29,83,69,50,30.04,10,7,0,10,7,30
83,57,35,54,48,38,74,71,58,29.72,10,4,1,13,3,30
55,55,40,71,45,22,93,67,44,31.86,10,6,0,15,3,35
81,54,41,53,38,26,81,72,57,29.88,10,6,1,16,0,24
66,51,43,65,43,34,78,71,57,28.75,10,3,1,13,3,25
74,59,35,58,49,34,74,80,47,31.59,10,9,1,13,5,27
74,57,37,55,55,29,80,70,51,29.42,10,9,11,20,8,27
68,53,30,62,44,32,101,68,55,29.71,10,6,0,19,7,36
67,59,45,79,38,38,80,65,53,30.93,10,7,2,17,7,35
78,55,43,87,40,24,85,74,56,30.41,10,8,3,26,9,28
63,59,37,69,46,30,83,72,46,27.43,10,7,1,7,6,27
71,47,43,54,40,33,92,66,52,30.98,10,4,3,24,5,36
73,55,42,62,45,35,85,64,50,30.67,10,5,0,19,7,35
65,48,40,54,45,38,83,74,58,30.62,10,7,4,10,2,24
59,60,43,58,50,36,92,68,44,30.47,10,7,2,8,2,35
59,61,47,59,43,28,101,59,42,29.58,10,8,0,17,6,29
68,57,29,67,43,34,106,67,47,30.54,10,8,1,13,2,24
70,52,38,75,47,30,70,67,55,28.38,10,10,0,7,7,29
80,47,47,73,44,31,56,68,49,28.19,10,7,1,9,6,34
71,57,41,51,40,31,81,68,54,27.79,10,8,1,11,1,24
83,55,40,66,32,27,76,67,52,30.66,10,10,4,8,0,31
87,54,41,49,45,29,90,73,53,29.38,10,5,1,12,5,29
77,60,40,67,46,32,79,74,50,29.62,10,5,1,20,2,26
49,45,33,62,34,24,93,75,58,31.01,10,6,7,12,4,34
88,57,39,54,45,29,87,80,49,30.36,10,7,2,20,5,26
59,54,41,57,48,23,61,76,49,29.22,10,3,3,13,4,31
76,50,39,51,42,34,89,69,53,29.63,10,7,4,10,5,28
55,45,43,57,49,30,78,61,45,28.37,10,9,3,19,5,22
86,54,42,54,45,29,103,78,43,30.91,10,7,1,19,5,28
85,47,38,66,34,37,77,71,47,28.96,10,4,1,15,8,25
66,53,38,67,47,31,92,73,42,29.18,10,9,0,13,9,31
34,52,40,45,38,33,84,75,51,31.86,10,7,3,16,6,31
76,54,46,47,42,27,83,81,52,31.48,10,6,1,14,3,36
56,53,37,58,36,44,70,72,50,29.35,10,7,0,18,7,29
84,47,40,80,42,36,77,75,51,29.26,10,4,1,14,1,28
67,57,39,48,45,31,62,68,50,29.53,10,9,1,19,3,39
77,59,39,58,45,30,84,72,53,31.81,10,8,0,11,1,42
59,55,34,39,45,35,70,66,49,29.62,10,6,2,25,4,28
83,54,35,53,47,30,97,70,44,28.93,10,3,2,20,6,39
61,53,41,61,48,27,94,76,47,30.98,10,4,3,16,3,31
69,56,39,74,44,31,73,74,49,30.03,10,1,1,19,6,28
68,50,40,49,41,29,74,76,53,28.55,10,7,3,5,7,24
79,59,27,68,48,37,77,75,44,30.36,10,12,2,9,6,31
63,53,41,61,50,33,91,74,46,28.7,10,4,2,14,6,31
73,60,42,64,48,28,95,66,45,29.71,10,7,5,16,7,32
68,53,42,52,49,33,74,79,51,31.88,10,6,2,18,6,36
61,51,41,70,46,33,62,71,40,30.98,10,3,4,27,0,24
70,55,32,48,48,32,107,74,51,29.24,10,7,1,23,8,36
69,54,41,35,49,24,90,73,48,30.68,10,7,4,12,6,28
74,57,46,58,54,39,66,71,39,31.1,10,7,7,22,4,34
73,50,40,68,48,34,84,54,47,30.25,10,7,3,13,4,29
85,52,39,57,38,24,84,68,41,29.57,10,8,6,13,3,26
80,63,47,60,47,29,72,67,45,30.29,10,7,7,12,10,30
72,53,43,57,44,22,96,70,42,29.26,10,5,6,19,4,34
74,61,30,50,43,31,76,67,45,31.11,10,9,6,7,1,38
87,61,37,58,45,28,81,78,43,32.04,10,7,0,20,5,35
90,57,38,60,47,28,96,73,47,28.36,10,5,2,18,5,23
76,61,45,77,41,29,86,70,56,30.12,10,5,5,10,1,35
57,56,39,55,48,24,88,66,51,30.47,10,7,1,17,4,28
65,65,48,68,46,32,59,63,50,30.83,10,7,4,11,6,41
73,66,34,58,45,21,88,75,55,29.66,10,9,8,20,3,30
65,59,36,40,43,33,98,62,45,29.35,10,6,1,13,8,25
61,52,37,64,42,32,110,65,55,29.64,10,6,4,13,4,25
73,52,41,60,37,22,85,73,51,29.51,10,8,8,13,4,33
59,63,44,65,45,26,97,70,47,31.14,10,7,3,13,3,25
77,44,42,53,50,31,71,68,62,29.98,10,5,2,15,6,29
79,56,40,68,41,36,107,61,47,31.22,10,7,9,10,3,28
63,58,38,70,49,32,83,71,54,29.41,10,6,3,14,5,30
61,48,42,70,42,29,73,70,46,30.09,10,7,2,11,4,29
74,64,50,71,44,30,88,70,49,29.66,10,2,1,6,5,33
49,56,37,59,40,23,76,60,48,31.51,10,8,1,11,3,21
83,48,31,60,55,19,68,69,48,30.76,10,5,2,15,3,28
91,54,40,78,44,32,99,73,56,29.46,10,10,7,18,1,33
75,50,38,79,34,29,79,68,51,31.12,10,10,3,9,5,32
49,52,31,52,47,29,83,73,55,30.09,10,9,0,16,0,27
71,51,34,64,48,23,77,69,55,31.33,10,7,0,10,2,25
68,45,49,72,36,28,91,51,54,31.79,10,8,0,15,8,25
77,51,47,60,40,37,85,70,50,31.78,10,6,0,17,7,28
62,61,41,61,42,29,89,61,41,28.46,10,5,0,13,4,35
73,61,41,61,49,27,92,64,43,31.1,10,9,6,19,7,27
65,56,44,47,51,21,85,80,60,31.29,10,6,1,13,3,26
70,42,32,58,51,42,86,77,54,28.76,10,9,4,11,6,26
62,56,38,45,45,29,82,68,51,30.61,10,6,2,23,4,21
48,48,34,55,43,29,83,68,45,29.2,10,6,0,19,5,27
80,55,40,60,42,33,84,84,49,31.87,10,9,1,16,3,33
80,46,45,68,50,29,78,73,51,30.04,10,7,0,13,11,30
59,50,58,78,45,23,76,67,48,31.09,10,7,1,10,9,31
61,52,36,54,46,29,79,59,43,28.75,10,9,2,11,5,25
69,55,39,56,47,29,79,63,43,30.6,10,6,2,17,1,32
71,45,36,49,45,27,89,75,50,30.84,10,11,0,4,3,37
66,52,43,62,46,19,82,72,54,31.06,10,9,0,20,3,26
84,57,45,68,41,31,85,74,52,29.84,10,5,3,3,6,29
47,52,45,57,45,30,108,61,51,28.32,10,5,0,13,7,37
73,61,35,69,55,31,82,67,41,30.46,10,4,3,16,5,33
61,60,33,64,38,30,97,72,54,29.35,10,9,1,13,6,33
68,56,38,61,53,36,86,69,43,30.04,10,6,1,20,6,33
51,57,37,67,46,37,82,62,52,30.0,10,4,0,21,3,26
76,51,44,55,46,37,94,72,52,29.86,10,8,5,14,3,30
62,52,41,54,47,32,82,67,52,28.82,10,8,3,8,6,34
59,59,34,69,47,21,94,66,54,29.96,10,5,7,15,5,31
59,55,35,58,46,24,88,76,47,30.66,10,5,1,6,3,32
65,56,42,72,49,44,82,64,51,30.45,10,10,1,14,3,26
72,54,38,52,45,31,66,57,56,30.03,10,6,3,9,4,32
63,58,43,61,36,27,72,70,50,28.96,10,7,2,6,5,36
63,57,42,55,39,24,81,76,57,30.62,10,9,5,21,3,17
87,57,44,44,39,32,97,64,39,31.62,10,7,7,16,4,26
59,50,37,57,45,31,94,75,47,29.48,10,9,0,13,1,31
79,58,37,66,43,34,98,75,53,31.45,10,5,3,14,9,31
61,54,40,70,41,31,78,74,54,29.9,10,8,0,14,6,36
73,54,39,63,39,31,74,71,52,27.93,10,10,3,16,3,33
84,50,32,68,35,28,84,67,49,29.98,10,10,9,16,3,26
78,53,33,73,49,30,100,75,56,28.05,10,3,1,19,5,32
82,50,36,83,57,31,94,76,49,30.3,10,4,1,10,4,24
73,55,42,42,44,33,67,79,50,29.52,10,9,3,14,3,29
76,52,38,63,45,27,81,65,56,28.1,10,3,7,16,3,33
63,51,45,29,43,28,65,68,45,29.04,10,9,7,17,3,26
68,50,40,60,44,32,84,76,43,31.09,10,7,5,19,5,23
83,54,38,50,48,26,74,80,42,30.22,10,6,3,14,8,33
54,52,41,63,45,26,68,68,55,29.51,10,8,1,22,2,25
79,51,34,52,39,32,83,69,56,29.41,10,4,2,5,2,22
73,60,38,48,37,34,80,51,47,29.65,10,3,4,24,2,27
64,54,42,56,41,28,84,69,46,29.11,10,7,0,19,4,29
57,55,37,43,47,27,102,70,40,29.26,10,6,0,14,3,34
61,62,42,75,41,24,90,75,59,27.9,10,9,2,13,6,27
73,49,42,53,43,36,90,71,51,29.73,10,7,3,15,1,30
63,48,43,57,44,31,93,68,57,29.87,10,8,2,5,4,34
70,39,47,61,43,33,72,77,42,31.62,10,10,3,9,2,33
64,58,40,40,43,29,79,68,50,29.62,10,2,2,12,4,22
82,57,40,47,46,28,70,62,53,30.01,10,6,3,14,7,31
67,47,43,73,49,34,89,65,49,30.6,10,7,4,18,2,32
63,48,39,54,61,34,93,64,51,29.82,10,9,1,10,4,27
79,57,40,49,47,33,84,72,49,30.84,10,8,4,13,10,30
44,55,39,51,49,27,91,68,52,29.32,10,9,2,7,4,27
81,62,33,44,45,29,84,70,52,28.7,10,9,1,7,5,29
68,52,37,65,41,37,98,61,50,32.18,10,7,6,14,4,21
74,55,37,58,58,28,89,71,56,31.21,10,7,2,17,5,38
71,49,43,50,44,31,82,71,56,30.46,10,6,0,16,3,31
68,51,50,53,52,27,81,64,56,29.48,10,4,0,20,6,33
72,57,33,57,42,26,88,79,49,31.18,10,8,4,15,6,38
47,55,38,58,43,22,69,71,47,29.45,10,5,1,13,4,29
82,55,40,66,42,38,71,80,45,29.67,10,7,1,15,5,33
63,53,42,58,45,24,89,69,47,30.72,10,4,1,7,4,27
71,55,35,52,36,32,71,71,47,29.85,10,9,6,10,4,24
88,54,45,59,43,35,72,78,46,30.54,10,6,5,11,4,29
77,52,41,46,37,27,80,73,58,29.7,10,8,3,10,5,30
43,52,47,62,44,35,89,63,50,30.64,10,9,2,19,4,37
62,57,39,56,45,28,76,63,45,29.61,10,7,0,18,6,24
68,51,42,64,48,28,87,66,55,31.42,10,7,1,16,3,24
78,54,45,57,41,27,86,64,43,29.39,10,7,0,27,7,24
63,65,37,63,39,34,98,63,44,30.84,10,9,3,14,5,32
53,57,34,73,52,25,79,66,52,30.49,10,6,0,8,7,31
78,51,38,59,54,29,78,62,46,31.95,10,10,4,16,5,36
65,61,34,54,52,34,81,71,58,29.92,10,5,4,16,4,31
57,46,32,61,44,34,92,70,58,31.68,10,4,2,25,7,31
78,53,40,36,37,22,86,71,41,28.9,10,8,0,13,3,24
91,63,35,70,45,26,87,77,52,29.4,10,9,0,17,6,34
58,58,44,65,50,32,74,72,45,30.03,10,8,1,16,5,29
71,52,33,49,35,24,82,75,55,31.03,10,5,2,16,1,25
63,55,38,44,47,31,81,64,46,30.0,10,9,1,22,3,39
64,53,43,69,47,33,70,73,54,29.56,10,8,1,23,4,34
72,54,42,58,43,38,81,66,43,29.1,10,9,7,17,6,38
55,49,47,63,45,24,75,68,47,30.71,10,8,4,18,1,29
85,53,41,46,42,32,93,64,47,29.78,10,9,1,23,8,29
80,63,39,71,41,36,102,64,51,30.27,10,10,1,21,4,35
64,54,40,57,42,30,80,70,58,29.49,10,8,1,26,7,28
73,44,39,55,47,23,100,73,53,32.11,10,5,5,12,7,22
58,50,38,55,48,27,88,74,47,30.89,10,9,1,8,4,20
68,60,37,45,44,32,79,67,41,32.19,10,4,1,9,2,34
90,59,41,62,47,43,82,72,49,30.31,10,6,0,18,4,34
60,49,41,57,48,25,105,71,46,29.14,10,7,6,12,5,34
69,54,38,60,43,41,92,68,46,32.22,10,7,0,16,8,26
68,53,32,49,42,42,86,67,58,30.08,10,7,3,13,2,36
69,65,37,62,54,35,88,65,48,29.69,10,6,4,11,3,28
74,54,41,55,50,21,75,74,44,30.31,10,5,0,14,3,30
58,63,39,77,48,31,87,70,47,29.11,10,7,9,18,5,37
72,52,37,65,43,25,97,66,49,30.72,10,7,2,18,10,28
59,48,38,58,40,26,72,69,53,29.61,10,6,9,14,7,33
67,59,30,69,50,25,106,71,59,30.84,10,7,5,20,7,31
57,43,45,65,42,26,77,62,49,29.67,10,6,0,11,2,30
76,52,41,38,41,35,90,73,42,30.33,10,5,1,21,3,28
83,49,36,61,36,26,93,64,55,29.55,10,8,4,17,3,38
73,54,47,52,46,25,90,64,46,28.6,10,4,3,0,6,37
64,56,46,56,39,34,75,65,52,32.06,10,7,3,20,0,34
90,54,43,61,45,25,98,60,49,29.31,10,7,5,17,2,34
72,61,31,54,47,26,94,64,55,30.5,10,8,1,8,5,28
57,53,47,61,42,26,83,72,48,29.07,10,5,4,11,6,37
82,59,39,78,40,27,83,71,50,31.52,10,8,0,18,2,20
72,64,35,57,41,38,78,72,55,32.19,10,10,4,14,5,31
74,58,35,62,49,22,72,67,49,30.87,10,8,2,13,6,26
85,50,36,67,45,28,86,58,49,29.92,10,6,2,16,5,33
57,49,37,69,45,31,83,73,60,29.09,10,5,7,15,2,29
63,61,43,81,41,29,91,68,44,29.58,10,5,0,21,5,24
77,60,42,36,42,23,80,75,49,30.3,10,9,1,11,7,25
62,44,41,38,45,31,61,61,55,30.81,10,11,4,19,3,37
81,59,34,61,46,23,87,67,40,31.55,10,2,3,15,4,29
75,60,39,61,51,39,76,69,57,30.29,10,5,4,13,5,31
77,57,40,70,39,33,68,67,49,31.55,10,8,1,16,3,30
69,50,42,60,46,26,79,68,57,30.59,10,6,5,18,2,25
64,58,34,53,40,34,70,72,49,30.35,10,7,2,17,5,34
72,54,32,63,41,30,78,75,54,30.66,10,6,3,12,6,38
69,58,32,51,44,25,100,75,45,29.52,10,7,0,15,7,34
72,54,38,45,39,29,80,67,52,29.58,10,8,2,15,4,32
65,46,34,57,53,26,81,64,53,29.12,10,5,2,14,5,33
68,55,40,64,42,24,64,66,48,30.7,10,7,5,20,7,26
55,58,36,62,42,26,87,68,53,29.02,10,6,1,18,3,32
69,46,37,60,44,32,82,69,55,31.92,10,4,2,10,3,30
78,50,46,48,40,32,83,78,47,30.2,10,5,2,19,3,29
83,53,41,75,51,30,106,68,51,31.72,10,5,0,22,6,24
83,64,34,66,48,28,87,73,44,28.4,10,9,0,21,7,21
59,55,43,40,43,28,84,75,47,29.54,10,3,1,17,4,31
78,56,39,66,44,35,55,64,53,30.43,10,4,8,18,5,32
96,51,38,89,34,28,108,73,49,30.47,10,8,3,17,7,34
75,58,42,78,41,29,78,62,45,29.26,10,7,6,14,5,34
73,54,27,52,39,29,74,76,42,29.29,10,3,0,12,3,26
80,60,41,54,47,22,88,68,57,28.72,10,7,1,9,4,26
95,56,37,47,53,30,83,70,52,29.94,10,6,6,12,3,32
53,53,42,56,45,31,72,64,35,31.12,10,8,1,17,3,25
65,54,48,53,40,27,76,58,46,30.48,10,4,3,18,6,34
66,57,41,61,51,32,97,71,49,29.04,10,7,0,14,5,23
62,49,45,63,50,35,86,71,53,29.42,10,2,1,10,3,25
81,51,45,74,43,26,85,74,55,29.54,10,6,2,19,0,29
52,54,42,62,44,31,77,67,47,30.17,10,5,0,14,5,30
66,55,38,66,45,32,87,72,53,30.04,10,6,3,8,6,25
67,57,44,76,40,36,72,63,52,29.79,10,9,0,19,1,37
67,48,36,67,49,28,75,67,53,30.65,10,10,5,16,9,36
59,59,47,58,45,27,78,71,55,30.34,10,5,3,13,2,25
43,51,52,53,41,29,94,70,52,30.03,10,6,1,9,4,19
46,55,48,57,45,30,84,77,47,28.71,10,6,1,11,6,23
63,55,36,73,45,33,92,72,58,32.41,10,11,0,9,3,28
65,65,43,61,45,28,89,71,41,29.98,10,9,2,20,6,22
76,57,36,55,32,32,70,67,41,27.43,10,7,3,14,3,29
90,51,42,52,46,20,85,66,47,31.38,10,7,0,16,3,30
64,58,39,58,43,33,88,76,52,31.34,10,4,4,21,6,23
73,46,40,48,40,36,82,62,46,29.91,10,7,0,20,5,31
69,59,42,56,41,32,96,69,47,30.75,10,7,2,14,3,34
71,56,38,63,38,29,87,70,53,30.41,10,9,6,14,4,33
85,56,37,60,48,29,88,71,53,30.11,10,6,2,20,3,30
74,50,34,68,47,32,76,69,54,29.57,10,7,3,18,7,33
68,61,41,63,47,26,85,68,54,30.29,10,9,6,14,4,30
68,55,41,55,49,34,85,63,39,28.32,10,8,4,22,6,35
72,55,40,60,47,33,84,70,55,31.93,10,6,4,11,2,25
63,55,46,57,38,27,102,75,48,30.27,10,8,3,22,9,37
84,54,35,68,44,29,85,82,66,31.33,10,8,0,19,3,33
68,57,37,53,50,34,96,63,47,30.0,10,9,2,10,5,28
67,57,27,61,46,30,89,77,50,30.5,10,4,0,29,4,28
68,63,45,50,43,23,90,64,48,29.79,10,6,1,22,6,37
70,54,49,47,46,31,100,67,53,31.32,10,7,0,16,2,32
65,54,40,63,48,33,91,72,51,29.89,10,5,1,3,8,27
81,63,31,69,48,24,75,70,53,31.9,10,10,2,19,3,30
66,51,46,49,40,29,89,70,49,31.03,10,6,5,8,4,22
81,53,33,65,48,26,87,69,40,28.92,10,7,2,18,3,32
86,45,37,57,50,37,100,70,43,29.06,10,5,0,12,2,32
67,59,41,52,42,44,100,73,54,32.12,10,7,0,10,5,26
75,56,31,44,38,32,87,58,65,31.35,10,10,3,19,1,27
65,62,44,60,46,17,68,81,51,28.1,10,7,6,20,7,24
74,60,37,64,44,33,86,78,48,31.31,10,5,1,4,7,35
65,52,32,73,37,30,67,70,56,30.05,10,6,3,15,1,30
71,58,43,53,57,31,91,63,48,31.36,10,6,0,17,4,34
77,54,42,59,51,32,75,73,45,30.57,10,1,0,13,3,28
66,51,41,55,37,35,75,73,55,30.98,10,4,5,10,5,29
83,53,31,61,44,31,92,67,47,28.29,10,3,0,9,2,28
73,52,48,62,38,25,86,79,44,30.63,10,10,2,21,4,25
80,56,40,42,42,30,92,68,49,30.56,10,8,3,23,3,28
62,43,37,62,45,35,82,67,52,30.87,10,7,0,21,2,33
81,62,41,52,51,31,78,68,52,29.97,10,9,3,4,1,22
78,64,31,60,45,29,90,69,50,29.15,10,6,5,10,3,22
79,55,42,71,45,31,91,78,47,29.88,10,7,4,11,3,24
43,52,41,43,41,23,86,63,45,29.17,10,4,3,19,0,29
71,54,31,48,42,32,77,64,53,30.06,10,6,5,18,7,22
64,39,38,62,43,26,80,61,44,29.55,10,8,0,8,3,24
89,43,36,50,44,35,62,71,51,29.61,10,8,1,16,7,24
54,54,43,68,49,24,77,83,53,30.06,10,6,0,16,7,33
77,46,38,76,48,29,94,70,55,29.89,10,9,3,13,7,35
55,54,51,58,43,29,77,71,52,30.69,10,10,1,23,5,29
48,57,53,65,45,25,96,70,54,31.48,10,8,0,11,3,25
72,62,42,50,47,26,78,77,50,29.77,10,4,5,19,4,36
90,54,39,69,46,28,83,69,54,29.39,10,7,4,16,4,30
62,43,39,58,42,26,87,64,45,30.49,10,5,1,10,3,29
70,55,32,57,38,31,72,69,57,29.67,10,6,4,14,7,23
61,56,39,50,45,32,102,69,48,30.22,10,7,0,10,5,26
81,52,41,52,53,30,67,75,47,29.91,10,5,3,11,7,28
72,48,43,44,48,20,90,70,49,30.11,10,6,6,24,2,24
56,60,35,64,44,22,93,71,48,29.86,10,6,3,9,7,28
49,63,36,55,43,32,102,62,37,29.99,10,8,1,14,4,29
63,54,35,47,46,35,80,66,43,32.94,10,6,1,9,5,28
73,57,46,45,41,28,80,66,45,28.57,10,8,1,11,6,29
69,47,45,60,44,29,84,64,46,31.01,10,9,6,14,4,23
60,45,39,82,38,24,68,71,43,28.96,10,6,6,17,2,27
79,55,35,50,50,32,95,76,49,29.84,10,7,6,17,4,22
57,55,45,54,50,22,72,73,41,30.69,10,9,1,19,5,26
54,60,34,50,45,29,63,74,53,30.71,10,5,3,15,7,19
87,59,35,60,44,30,79,67,51,30.54,10,6,6,15,8,38
90,51,33,56,47,27,86,71,52,29.16,10,6,3,21,5,31
77,50,45,51,36,18,83,70,51,30.43,10,9,0,12,8,34
60,55,20,56,48,23,87,67,55,28.7,10,7,5,12,0,40
104,52,26,46,40,25,82,75,48,28.28,10,5,8,17,6,26
68,51,40,56,50,28,84,81,47,31.67,10,5,3,5,4,27
63,48,41,67,38,24,80,70,57,30.36,10,9,0,15,7,28
69,53,44,65,52,31,86,72,52,29.88,10,7,5,13,5,41
69,60,49,53,55,40,74,62,39,31.67,10,8,3,23,3,31
68,67,35,46,44,27,75,65,44,31.67,10,3,1,9,5,26
49,59,43,44,41,28,100,75,54,30.34,10,8,2,9,4,33
78,57,40,74,45,25,102,76,51,29.48,10,7,5,2,2,30
75,53,44,55,53,31,102,77,56,29.18,10,9,0,10,7,32
73,57,45,47,53,36,84,76,52,29.95,10,4,0,24,6,28
91,53,37,57,50,25,80,72,54,30.66,10,6,3,19,6,27
86,43,40,56,35,31,75,72,51,29.04,10,4,1,12,4,33
61,55,44,66,48,23,88,68,49,31.82,10,7,1,17,5,29
49,57,32,59,42,33,89,69,57,29.34,10,7,1,19,4,26
69,53,42,78,37,25,71,65,51,29.43,10,7,2,17,1,36
73,47,37,53,43,30,90,59,49,30.84,10,8,1,17,5,25
66,53,38,60,52,24,84,75,56,30.95,10,8,0,17,5,30
88,61,34,66,48,27,90,73,48,30.22,10,9,2,8,6,27
77,57,41,65,43,33,91,70,61,29.26,10,9,3,18,6,37
68,55,34,72,48,26,86,67,49,28.17,10,7,8,10,2,38
71,47,45,79,52,32,87,71,44,30.19,10,4,3,20,6,28
67,57,40,60,37,41,91,72,48,29.53,10,7,1,13,5,36
87,55,33,67,45,27,87,73,50,30.24,10,4,2,24,6,27
57,59,35,61,34,26,86,67,45,30.42,10,4,4,7,6,36
88,49,41,65,33,29,99,69,55,30.18,10,7,4,11,7,34
67,57,39,71,46,31,97,74,45,30.93,10,7,1,11,6,32
76,51,32,56,47,29,91,75,48,29.61,10,10,2,10,6,37
62,56,29,64,46,33,87,64,53,30.83,10,6,3,14,6,30
63,58,41,64,49,31,79,66,49,30.45,10,3,2,10,3,23
